Dpto,Municipio,2018,2019,2020
Antioquia,Medellín,2.427.129,2.483.545,2.533.424
Antioquia,Abejorral,20.367,20.258,20.287
Antioquia,Abriaquí,2.695,2.710,2.735
Antioquia,Alejandría,4.657,4.669,4.698
Antioquia,Amagá,30.227,30.777,31.283
Antioquia,Amalfi,25.962,26.552,27.071
Antioquia,Andes,43.269,43.713,44.199
Antioquia,Angelópolis,5.756,5.790,5.841
Antioquia,Angostura,11.437,11.462,11.536
Antioquia,Anorí,18.321,18.737,19.104
Antioquia,Santa Fé de Antioquia,26.164,26.598,27.002
Antioquia,Anzá,7.010,7.085,7.169
Antioquia,Apartadó,121.003,124.647,127.744
Antioquia,Arboletes,29.295,29.942,30.510
Antioquia,Argelia,7.689,7.577,7.545
Antioquia,Armenia,5.139,5.085,5.074
Antioquia,Barbosa,51.969,53.242,54.347
Antioquia,Belmira,6.000,6.054,6.116
Antioquia,Bello,522.264,538.527,552.154
Antioquia,Betania,10.323,10.274,10.284
Antioquia,Betulia,15.607,15.736,15.896
Antioquia,Ciudad Bolívar,26.118,26.160,26.313
Antioquia,Briceño,8.039,8.065,8.120
Antioquia,Buriticá,9.354,9.502,9.634
Antioquia,Cáceres,28.996,29.716,30.356
Antioquia,Caicedo,8.297,8.420,8.536
Antioquia,Caldas,79.638,81.658,83.423
Antioquia,Campamento,9.203,9.202,9.243
Antioquia,Cañasgordas,15.523,15.490,15.552
Antioquia,Caracolí,4.582,4.537,4.532
Antioquia,Caramanta,4.743,4.670,4.648
Antioquia,Carepa,47.932,49.659,51.143
Antioquia,El Carmen de Viboral,59.416,61.122,62.581
Antioquia,Carolina,3.954,3.954,3.972
Antioquia,Caucasia,90.213,93.044,95.427
Antioquia,Chigorodó,57.375,58.684,59.836
Antioquia,Cisneros,9.775,9.844,9.936
Antioquia,Cocorná,15.444,15.042,14.833
Antioquia,Concepción,4.797,4.760,4.758
Antioquia,Concordia,21.377,21.504,21.688
Antioquia,Copacabana,77.884,80.000,81.820
Antioquia,Dabeiba,23.044,23.255,23.509
Antioquia,Donmatías,18.902,19.332,19.709
Antioquia,Ebéjico,12.158,12.108,12.134
Antioquia,El Bagre,51.862,52.925,53.846
Antioquia,Entrerríos,11.159,11.465,11.728
Antioquia,Envigado,228.848,236.114,242.197
Antioquia,Fredonia,24.408,24.553,24.754
Antioquia,Frontino,20.739,20.657,20.700
Antioquia,Giraldo,5.544,5.652,5.750
Antioquia,Girardota,51.662,53.162,54.439
Antioquia,Gómez Plata,9.753,9.828,9.921
Antioquia,Granada,10.117,9.870,9.764
Antioquia,Guadalupe,6.560,6.607,6.665
Antioquia,Guarne,55.121,56.774,58.159
Antioquia,Guatapé,8.363,8.548,8.709
Antioquia,Heliconia,5.451,5.400,5.395
Antioquia,Hispania,5.469,5.530,5.591
Antioquia,Itagüí,276.744,283.794,289.994
Antioquia,Ituango,27.074,27.419,27.789
Antioquia,Jardín,14.518,14.662,14.830
Antioquia,Jericó,13.640,13.637,13.706
Antioquia,La Ceja,64.889,66.746,68.325
Antioquia,La Estrella,71.545,73.696,75.517
Antioquia,La Pintada,8.114,8.298,8.460
Antioquia,La Unión,21.475,21.963,22.391
Antioquia,Liborina,10.028,10.040,10.090
Antioquia,Maceo,8.221,8.218,8.248
Antioquia,Marinilla,64.645,66.399,67.893
Antioquia,Montebello,6.680,6.635,6.641
Antioquia,Murindó,4.911,5.088,5.234
Antioquia,Mutatá,13.991,14.196,14.389
Antioquia,Nariño,10.153,9.997,9.947
Antioquia,Necoclí,42.281,43.257,44.118
Antioquia,Nechí,25.790,26.652,27.354
Antioquia,Olaya,3.127,3.150,3.175
Antioquia,Peñol,21.049,21.427,21.769
Antioquia,Peque,8.097,8.186,8.285
Antioquia,Pueblorrico,8.664,8.681,8.735
Antioquia,Puerto Berrío,39.314,40.048,40.713
Antioquia,Puerto Nare,14.380,14.384,14.440
Antioquia,Puerto Triunfo,18.055,18.550,18.970
Antioquia,Remedios,28.415,29.061,29.629
Antioquia,Retiro,23.514,24.185,24.757
Antioquia,Rionegro,135.465,139.553,142.995
Antioquia,Sabanalarga,9.032,9.155,9.278
Antioquia,Sabaneta,82.375,85.484,87.981
Antioquia,Salgar,18.258,18.218,18.261
Antioquia,San Andrés de Cuerquía,7.235,7.240,7.281
Antioquia,San Carlos,16.247,15.940,15.811
Antioquia,San Francisco,5.648,5.776,5.889
Antioquia,San Jerónimo,15.361,15.710,16.017
Antioquia,San José de La Montaña,3.646,3.706,3.765
Antioquia,San Juan de Urabá,20.093,20.549,20.950
Antioquia,San Luis,12.995,13.035,13.123
Antioquia,San Pedro de Los Milagros,21.949,22.447,22.885
Antioquia,San Pedro de Urabá,30.932,31.571,32.147
Antioquia,San Rafael,15.698,15.632,15.663
Antioquia,San Roque,21.519,21.533,21.597
Antioquia,San Vicente Ferrer,22.093,22.258,22.469
Antioquia,Santa Bárbara,26.784,26.944,27.186
Antioquia,Santa Rosa de Osos,36.318,37.143,37.869
Antioquia,Santo Domingo,12.394,12.326,12.324
Antioquia,El Santuario,35.422,36.043,36.605
Antioquia,Segovia,37.900,38.692,39.379
Antioquia,Sonsón,36.321,36.394,36.625
Antioquia,Sopetrán,15.053,15.293,15.512
Antioquia,Támesis,16.281,16.193,16.201
Antioquia,Tarazá,26.964,27.517,27.995
Antioquia,Tarso,6.184,6.194,6.231
Antioquia,Titiribí,10.775,10.716,10.719
Antioquia,Toledo,4.993,5.005,5.043
Antioquia,Turbo,124.552,127.565,130.191
Antioquia,Uramita,6.888,6.875,6.899
Antioquia,Urrao,30.127,30.484,30.876
Antioquia,Valdivia,13.801,13.950,14.102
Antioquia,Valparaíso,6.498,6.462,6.472
Antioquia,Vegachí,11.810,11.910,12.039
Antioquia,Venecia,11.602,11.636,11.715
Antioquia,Vigía del Fuerte,9.093,9.265,9.423
Antioquia,Yalí,7.608,7.630,7.681
Antioquia,Yarumal,41.542,42.116,42.678
Antioquia,Yolombó,22.538,23.050,23.501
Antioquia,Yondó,19.040,19.624,20.110
Antioquia,Zaragoza,24.651,25.210,25.703
Atlántico,Barranquilla,1.206.319,1.243.056,1.274.250
Atlántico,Baranoa,62.382,64.949,67.050
Atlántico,Campo de La Cruz,22.879,23.230,23.567
Atlántico,Candelaria,15.982,16.648,17.195
Atlántico,Galapa,60.708,64.260,67.021
Atlántico,Juan de Acosta,20.999,21.971,22.752
Atlántico,Luruaco,28.175,29.348,30.314
Atlántico,Malambo,128.203,134.468,139.566
Atlántico,Manatí,19.808,20.698,21.442
Atlántico,Palmar de Varela,28.932,30.094,31.038
Atlántico,Piojó,6.608,6.873,7.089
Atlántico,Polonuevo,18.197,18.941,19.545
Atlántico,Ponedera,23.848,24.877,25.728
Atlántico,Puerto Colombia,49.264,51.695,53.649
Atlántico,Repelón,26.200,27.249,28.102
Atlántico,Sabanagrande,32.334,33.858,35.084
Atlántico,Sabanalarga,93.261,97.005,100.049
Atlántico,Santa Lucía,16.023,16.624,17.104
Atlántico,Santo Tomás,29.829,31.027,32.000
Atlántico,Soledad,603.999,638.065,665.021
Atlántico,Suan,11.940,12.282,12.572
Atlántico,Tubará,17.377,18.190,18.846
Atlántico,Usiacurí,12.250,12.743,13.144
"Bogotá, D.C.","Bogotá, D.C.",7.412.566,7.592.871,7.743.955
Bolívar,Cartagena de Indias,973.045,1.003.685,1.028.736
Bolívar,Achí,24.352,24.610,24.900
Bolívar,Altos del Rosario,10.972,11.309,11.585
Bolívar,Arenal,7.365,7.590,7.775
Bolívar,Arjona,69.503,71.837,73.730
Bolívar,Arroyohondo,8.254,8.504,8.710
Bolívar,Barranco de Loba,14.836,14.996,15.181
Bolívar,Calamar,22.474,22.794,23.097
Bolívar,Cantagallo,8.234,8.488,8.696
Bolívar,Cicuco,13.442,13.903,14.302
Bolívar,Córdoba,15.960,16.225,16.474
Bolívar,Clemencia,14.511,15.014,15.453
Bolívar,El Carmen de Bolívar,70.131,71.428,72.595
Bolívar,El Guamo,8.647,8.825,8.984
Bolívar,El Peñón,7.651,7.884,8.075
Bolívar,Hatillo de Loba,12.317,12.699,13.012
Bolívar,Magangué,133.270,137.030,140.156
Bolívar,Mahates,27.692,28.602,29.355
Bolívar,Margarita,10.673,10.913,11.110
Bolívar,María La Baja,46.112,47.389,48.457
Bolívar,Montecristo,16.389,17.017,17.604
Bolívar,Mompós,44.442,45.498,46.408
Bolívar,Morales,22.259,22.846,23.348
Bolívar,Norosí,9.212,9.587,9.953
Bolívar,Pinillos,24.218,24.433,24.706
Bolívar,Regidor,6.723,6.983,7.227
Bolívar,Río Viejo,10.598,10.638,10.736
Bolívar,San Cristóbal,8.054,8.330,8.569
Bolívar,San Estanislao,18.251,18.729,19.128
Bolívar,San Fernando,12.536,12.813,13.025
Bolívar,San Jacinto,23.913,24.232,24.552
Bolívar,San Jacinto del Cauca,9.935,10.305,10.643
Bolívar,San Juan Nepomuceno,36.874,37.765,38.529
Bolívar,San Martín de Loba,14.774,14.792,14.897
Bolívar,San Pablo,27.190,28.043,28.741
Bolívar,Santa Catalina,14.563,14.747,14.948
Bolívar,Santa Rosa,20.963,21.766,22.409
Bolívar,Santa Rosa del Sur,32.646,33.701,34.568
Bolívar,Simití,18.110,18.678,19.143
Bolívar,Soplaviento,10.650,10.733,10.839
Bolívar,Talaigua Nuevo,13.108,13.106,13.181
Bolívar,Tiquisio,18.035,18.584,19.034
Bolívar,Turbaco,105.166,109.813,113.440
Bolívar,Turbaná,16.403,16.954,17.412
Bolívar,Villanueva,23.777,24.581,25.231
Bolívar,Zambrano,11.880,12.113,12.322
Boyacá,Tunja,172.548,176.347,179.263
Boyacá,Almeida,1.910,1.845,1.807
Boyacá,Aquitania,15.377,15.460,15.546
Boyacá,Arcabuco,5.831,5.911,5.978
Boyacá,Belén,7.481,7.500,7.532
Boyacá,Berbeo,1.596,1.587,1.582
Boyacá,Betéitiva,1.963,1.943,1.935
Boyacá,Boavita,5.059,4.888,4.797
Boyacá,Boyacá,5.089,5.103,5.118
Boyacá,Briceño,2.198,2.175,2.163
Boyacá,Buenavista,4.409,4.396,4.396
Boyacá,Busbanzá,1.118,1.138,1.153
Boyacá,Caldas,3.143,3.127,3.126
Boyacá,Campohermoso,3.121,3.082,3.061
Boyacá,Cerinza,3.713,3.703,3.706
Boyacá,Chinavita,3.209,3.198,3.194
Boyacá,Chiquinquirá,56.054,57.101,57.935
Boyacá,Chiscas,3.994,3.924,3.887
Boyacá,Chita,8.045,7.881,7.793
Boyacá,Chitaraque,5.830,5.843,5.865
Boyacá,Chivatá,2.788,2.812,2.834
Boyacá,Ciénega,4.635,4.642,4.655
Boyacá,Cómbita,12.970,13.140,13.280
Boyacá,Coper,3.619,3.585,3.571
Boyacá,Corrales,2.498,2.523,2.545
Boyacá,Covarachía,2.806,2.742,2.702
Boyacá,Cubará,10.319,10.563,10.750
Boyacá,Cucaita,3.725,3.759,3.787
Boyacá,Cuítiva,1.798,1.804,1.810
Boyacá,Chíquiza,4.684,4.713,4.744
Boyacá,Chivor,2.479,2.504,2.526
Boyacá,Duitama,122.436,124.780,126.670
Boyacá,El Cocuy,4.215,4.150,4.115
Boyacá,El Espino,3.061,3.054,3.054
Boyacá,Firavitoba,6.662,6.737,6.802
Boyacá,Floresta,3.266,3.240,3.231
Boyacá,Gachantivá,2.789,2.779,2.778
Boyacá,Gámeza,4.850,4.845,4.851
Boyacá,Garagoa,17.932,18.144,18.322
Boyacá,Guacamayas,1.865,1.843,1.834
Boyacá,Guateque,10.699,10.809,10.904
Boyacá,Guayatá,3.400,3.387,3.391
Boyacá,Güicán de La Sierra,4.279,4.285,4.301
Boyacá,Iza,1.947,1.972,1.995
Boyacá,Jenesano,7.200,7.274,7.338
Boyacá,Jericó,3.929,3.900,3.889
Boyacá,Labranzagrande,3.526,3.501,3.493
Boyacá,La Capilla,2.689,2.686,2.691
Boyacá,La Victoria,1.118,1.118,1.117
Boyacá,La Uvita,2.999,2.831,2.730
Boyacá,Villa de Leyva,16.139,16.617,16.973
Boyacá,Macanal,4.976,5.027,5.072
Boyacá,Maripí,5.741,5.697,5.683
Boyacá,Miraflores,8.847,8.937,9.015
Boyacá,Mongua,4.636,4.620,4.619
Boyacá,Monguí,4.234,4.266,4.292
Boyacá,Moniquirá,22.572,22.821,23.036
Boyacá,Motavita,5.569,5.641,5.703
Boyacá,Muzo,8.597,8.466,8.394
Boyacá,Nobsa,15.976,16.238,16.446
Boyacá,Nuevo Colón,5.121,5.172,5.217
Boyacá,Oicatá,2.821,2.858,2.890
Boyacá,Otanche,8.018,8.002,8.004
Boyacá,Pachavita,2.467,2.447,2.441
Boyacá,Páez,3.283,3.256,3.244
Boyacá,Paipa,33.535,34.177,34.679
Boyacá,Pajarito,2.390,2.400,2.414
Boyacá,Panqueba,1.717,1.702,1.697
Boyacá,Pauna,7.185,7.198,7.212
Boyacá,Paya,2.593,2.616,2.635
Boyacá,Paz de Río,4.285,4.228,4.198
Boyacá,Pesca,6.852,6.765,6.730
Boyacá,Pisba,1.763,1.779,1.793
Boyacá,Puerto Boyacá,46.736,47.600,48.271
Boyacá,Quípama,4.889,4.939,4.982
Boyacá,Ramiriquí,9.887,9.988,10.076
Boyacá,Ráquira,7.877,7.958,8.028
Boyacá,Rondón,2.407,2.384,2.373
Boyacá,Saboyá,13.588,13.728,13.849
Boyacá,Sáchica,5.452,5.578,5.677
Boyacá,Samacá,18.298,18.588,18.818
Boyacá,San Eduardo,1.701,1.676,1.660
Boyacá,San José de Pare,4.988,4.989,4.999
Boyacá,San Luis de Gaceno,5.499,5.476,5.473
Boyacá,San Mateo,3.332,3.204,3.131
Boyacá,San Miguel de Sema,3.009,3.006,3.011
Boyacá,San Pablo de Borbur,6.608,6.664,6.716
Boyacá,Santana,7.565,7.643,7.710
Boyacá,Santa María,3.559,3.518,3.498
Boyacá,Santa Rosa de Viterbo,13.066,13.205,13.325
Boyacá,Santa Sofía,3.179,3.195,3.212
Boyacá,Sativanorte,2.221,2.177,2.153
Boyacá,Sativasur,1.097,1.100,1.105
Boyacá,Siachoque,6.729,6.747,6.774
Boyacá,Soatá,9.066,8.908,8.832
Boyacá,Socotá,7.298,7.231,7.211
Boyacá,Socha,7.938,8.018,8.086
Boyacá,Sogamoso,127.235,129.346,131.105
Boyacá,Somondoco,2.910,2.887,2.880
Boyacá,Sora,3.019,3.050,3.077
Boyacá,Sotaquirá,8.162,8.237,8.305
Boyacá,Soracá,5.954,6.015,6.068
Boyacá,Susacón,2.717,2.704,2.704
Boyacá,Sutamarchán,6.092,6.164,6.228
Boyacá,Sutatenza,4.233,4.224,4.222
Boyacá,Tasco,5.882,5.823,5.792
Boyacá,Tenza,3.851,3.828,3.821
Boyacá,Tibaná,9.051,9.085,9.119
Boyacá,Tibasosa,12.940,13.196,13.396
Boyacá,Tinjacá,3.266,3.313,3.351
Boyacá,Tipacoque,3.323,3.299,3.290
Boyacá,Toca,8.767,8.831,8.893
Boyacá,Togüí,4.335,4.330,4.335
Boyacá,Tópaga,3.617,3.660,3.697
Boyacá,Tota,5.179,5.206,5.233
Boyacá,Tununguá,1.540,1.559,1.576
Boyacá,Turmequé,6.118,6.131,6.156
Boyacá,Tuta,8.266,8.369,8.461
Boyacá,Tutazá,2.040,2.037,2.039
Boyacá,Úmbita,7.530,7.534,7.552
Boyacá,Ventaquemada,15.706,15.920,16.093
Boyacá,Viracachá,2.837,2.817,2.809
Boyacá,Zetaquira,4.629,4.621,4.625
Caldas,Manizales,434.403,440.608,446.160
Caldas,Aguadas,22.823,22.907,23.048
Caldas,Anserma,36.149,36.405,36.691
Caldas,Aranzazu,10.557,10.533,10.556
Caldas,Belalcázar,10.660,10.634,10.650
Caldas,Chinchiná,51.271,51.773,52.267
Caldas,Filadelfia,11.451,11.399,11.400
Caldas,La Dorada,71.905,72.972,74.006
Caldas,La Merced,6.003,5.916,5.882
Caldas,Manzanares,17.928,17.805,17.794
Caldas,Marmato,8.888,9.035,9.167
Caldas,Marquetalia,13.245,13.368,13.490
Caldas,Marulanda,2.607,2.565,2.544
Caldas,Neira,21.024,21.040,21.114
Caldas,Norcasia,6.022,6.075,6.128
Caldas,Pácora,15.325,15.296,15.324
Caldas,Palestina,15.555,15.598,15.681
Caldas,Pensilvania,19.908,19.781,19.755
Caldas,Riosucio,50.775,51.371,51.956
Caldas,Risaralda,10.815,10.640,10.568
Caldas,Salamina,19.467,19.387,19.393
Caldas,Samaná,20.454,20.116,19.967
Caldas,San José,4.835,4.875,4.916
Caldas,Supía,28.642,29.021,29.363
Caldas,Victoria,10.157,10.255,10.351
Caldas,Villamaría,64.652,66.189,67.429
Caldas,Viterbo,12.734,12.780,12.853
Caquetá,Florencia,168.346,170.764,173.011
Caquetá,Albania,4.675,4.491,4.396
Caquetá,Belén de Los Andaquíes,11.021,11.102,11.181
Caquetá,Cartagena del Chairá,30.399,30.778,31.151
Caquetá,Curillo,7.593,7.683,7.772
Caquetá,El Doncello,19.294,19.256,19.284
Caquetá,El Paujíl,18.036,18.251,18.464
Caquetá,La Montañita,14.714,14.662,14.692
Caquetá,Milán,9.723,9.838,9.952
Caquetá,Morelia,3.698,3.718,3.747
Caquetá,Puerto Rico,26.517,26.329,26.282
Caquetá,San José del Fragua,12.797,12.949,13.099
Caquetá,San Vicente del Caguán,50.719,51.714,52.593
Caquetá,Solano,11.214,11.359,11.503
Caquetá,Solita,6.216,6.280,6.346
Caquetá,Valparaíso,6.887,6.968,7.048
Cauca,Popayán,318.059,321.991,325.477
Cauca,Almaguer,18.449,18.263,18.177
Cauca,Argelia,26.144,26.376,26.588
Cauca,Balboa,21.108,21.270,21.437
Cauca,Bolívar,38.048,37.327,36.994
Cauca,Buenos Aires,31.436,31.754,32.049
Cauca,Cajibío,42.014,42.439,42.833
Cauca,Caldono,39.946,40.898,41.770
Cauca,Caloto,30.181,30.143,30.216
Cauca,Corinto,25.286,25.342,25.440
Cauca,El Tambo,53.891,53.840,53.769
Cauca,Florencia,5.202,5.254,5.303
Cauca,Guachené,19.671,19.850,20.020
Cauca,Guapí,27.616,27.619,27.696
Cauca,Inzá,28.879,29.170,29.441
Cauca,Jambaló,17.841,18.240,18.568
Cauca,La Sierra,10.749,10.674,10.655
Cauca,La Vega,24.501,24.542,24.642
Cauca,López de Micay,18.580,18.761,18.932
Cauca,Mercaderes,22.688,22.901,23.097
Cauca,Miranda,31.360,31.733,32.082
Cauca,Morales,38.838,39.516,40.084
Cauca,Padilla,9.937,9.953,9.992
Cauca,Páez,45.776,46.278,46.742
Cauca,Patía,36.848,37.183,37.494
Cauca,Piamonte,8.811,9.004,9.259
Cauca,Piendamó - Tunía,40.818,41.362,41.837
Cauca,Puerto Tejada,41.615,41.648,41.793
Cauca,Puracé,17.272,17.423,17.569
Cauca,Rosas,11.475,11.495,11.539
Cauca,San Sebastián,10.948,11.004,11.062
Cauca,Santander de Quilichao,110.445,111.789,113.001
Cauca,Santa Rosa,5.339,5.354,5.383
Cauca,Silvia,37.337,37.713,38.063
Cauca,Sotara,13.939,14.079,14.210
Cauca,Suárez,31.904,32.226,32.526
Cauca,Sucre,9.489,9.582,9.669
Cauca,Timbío,35.479,35.895,36.287
Cauca,Timbiquí,26.100,26.363,26.607
Cauca,Toribío,35.218,36.016,36.694
Cauca,Totoró,24.558,25.137,25.612
Cauca,Villa Rica,20.693,21.000,21.328
Cesar,Valledupar,490.075,513.685,532.956
Cesar,Aguachica,109.621,114.569,118.652
Cesar,Agustín Codazzi,60.768,62.864,64.676
Cesar,Astrea,20.120,20.617,21.062
Cesar,Becerril,21.611,22.542,23.308
Cesar,Bosconia,40.022,41.825,43.326
Cesar,Chimichagua,34.169,35.269,36.229
Cesar,Chiriguaná,27.694,28.743,29.632
Cesar,Curumaní,37.399,38.617,39.667
Cesar,El Copey,30.159,30.957,31.650
Cesar,El Paso,37.531,39.365,40.858
Cesar,Gamarra,14.973,15.458,15.864
Cesar,González,4.379,4.469,4.568
Cesar,La Gloria,17.150,17.858,18.448
Cesar,La Jagua de Ibirico,46.722,49.052,50.946
Cesar,Manaure Balcón del Cesar,10.047,10.479,10.835
Cesar,Pailitas,18.566,19.183,19.705
Cesar,Pelaya,20.683,21.564,22.291
Cesar,Pueblo Bello,27.007,28.298,29.437
Cesar,Río de Oro,16.837,17.346,17.793
Cesar,La Paz,27.759,28.758,29.603
Cesar,San Alberto,26.247,27.449,28.453
Cesar,San Diego,19.022,19.818,20.470
Cesar,San Martín,26.674,27.823,28.769
Cesar,Tamalameque,15.339,15.790,16.189
Córdoba,Montería,490.935,498.858,505.334
Córdoba,Ayapel,46.968,47.057,47.247
Córdoba,Buenavista,21.078,21.274,21.451
Córdoba,Canalete,15.353,15.385,15.437
Córdoba,Cereté,105.815,107.234,108.409
Córdoba,Chimá,17.529,17.738,17.905
Córdoba,Chinú,47.917,48.323,48.694
Córdoba,Ciénaga de Oro,59.086,59.871,60.521
Córdoba,Cotorra,19.041,19.315,19.549
Córdoba,La Apartada,14.866,15.058,15.218
Córdoba,Lorica,113.909,114.666,115.461
Córdoba,Los Córdobas,18.717,19.038,19.314
Córdoba,Momil,19.590,19.876,20.117
Córdoba,Montelíbano,81.641,83.908,85.885
Córdoba,Moñitos,29.833,30.242,30.580
Córdoba,Planeta Rica,64.205,64.465,64.776
Córdoba,Pueblo Nuevo,35.655,36.112,36.486
Córdoba,Puerto Escondido,23.649,24.036,24.364
Córdoba,Puerto Libertador,41.873,42.835,43.573
Córdoba,Purísima de La Concepción,17.206,17.411,17.587
Córdoba,Sahagún,107.636,109.052,110.233
Córdoba,San Andrés de Sotavento,48.610,48.215,48.042
Córdoba,San Antero,33.878,34.520,35.035
Córdoba,San Bernardo del Viento,37.007,37.052,37.075
Córdoba,San Carlos,26.954,27.174,27.368
Córdoba,San José de Uré,13.345,13.584,13.814
Córdoba,San Pelayo,51.838,52.481,52.994
Córdoba,Tierralta,92.349,93.873,95.177
Córdoba,Tuchín,52.606,53.744,54.958
Córdoba,Valencia,35.694,36.042,36.343
Cundinamarca,Agua de Dios,11.685,11.966,12.325
Cundinamarca,Albán,6.438,6.650,6.879
Cundinamarca,Anapoima,14.519,15.315,16.064
Cundinamarca,Anolaima,13.816,14.161,14.577
Cundinamarca,Arbeláez,10.860,10.825,10.959
Cundinamarca,Beltrán,1.789,1.832,1.885
Cundinamarca,Bituima,2.467,2.507,2.568
Cundinamarca,Bojacá,9.913,10.524,11.092
Cundinamarca,Cabrera,4.722,4.885,5.062
Cundinamarca,Cachipay,9.972,10.324,10.703
Cundinamarca,Cajicá,82.244,87.866,92.967
Cundinamarca,Caparrapí,12.569,12.714,12.990
Cundinamarca,Cáqueza,17.099,17.480,17.956
Cundinamarca,Carmen de Carupa,7.580,7.733,7.940
Cundinamarca,Chaguaní,4.182,4.255,4.364
Cundinamarca,Chía,132.181,141.308,149.570
Cundinamarca,Chipaque,9.467,9.748,10.058
Cundinamarca,Choachí,10.961,11.213,11.528
Cundinamarca,Chocontá,20.568,21.425,22.278
Cundinamarca,Cogua,22.067,23.286,24.434
Cundinamarca,Cota,32.691,34.948,36.992
Cundinamarca,Cucunubá,7.626,7.935,8.257
Cundinamarca,El Colegio,23.886,25.047,26.176
Cundinamarca,El Peñón,4.681,4.710,4.789
Cundinamarca,El Rosal,22.065,23.417,24.768
Cundinamarca,Facatativá,139.441,148.001,155.978
Cundinamarca,Fómeque,11.986,12.367,12.803
Cundinamarca,Fosca,5.784,5.892,6.038
Cundinamarca,Funza,93.154,99.387,105.086
Cundinamarca,Fúquene,4.904,5.047,5.211
Cundinamarca,Fusagasugá,138.498,146.556,154.143
Cundinamarca,Gachalá,4.436,4.386,4.405
Cundinamarca,Gachancipá,17.026,18.264,19.376
Cundinamarca,Gachetá,8.425,8.439,8.539
Cundinamarca,Gama,3.120,3.152,3.214
Cundinamarca,Girardot,101.018,105.379,109.792
Cundinamarca,Granada,7.179,7.566,7.931
Cundinamarca,Guachetá,13.285,13.749,14.241
Cundinamarca,Guaduas,30.524,31.869,33.212
Cundinamarca,Guasca,15.348,16.166,16.934
Cundinamarca,Guataquí,2.848,2.811,2.772
Cundinamarca,Guatavita,6.325,6.561,6.811
Cundinamarca,Guayabal de Síquima,4.444,4.587,4.743
Cundinamarca,Guayabetal,6.232,6.485,6.744
Cundinamarca,Gutiérrez,3.410,3.478,3.567
Cundinamarca,Jerusalén,2.281,2.283,2.315
Cundinamarca,Junín,5.823,5.920,6.074
Cundinamarca,La Calera,29.868,31.432,32.917
Cundinamarca,La Mesa,32.694,34.465,36.129
Cundinamarca,La Palma,9.467,9.588,9.810
Cundinamarca,La Peña,5.911,5.976,6.095
Cundinamarca,La Vega,16.986,17.830,18.642
Cundinamarca,Lenguazaque,10.080,10.424,10.794
Cundinamarca,Machetá,6.124,6.171,6.278
Cundinamarca,Madrid,112.254,120.067,127.138
Cundinamarca,Manta,3.737,3.795,3.893
Cundinamarca,Medina,8.014,8.064,8.211
Cundinamarca,Mosquera,130.221,141.171,150.665
Cundinamarca,Nariño,2.333,2.395,2.464
Cundinamarca,Nemocón,13.171,13.868,14.532
Cundinamarca,Nilo,10.819,11.441,12.028
Cundinamarca,Nimaima,3.589,3.665,3.763
Cundinamarca,Nocaima,6.092,6.317,6.562
Cundinamarca,Venecia,4.218,4.320,4.449
Cundinamarca,Pacho,24.413,25.046,25.803
Cundinamarca,Paime,4.186,4.206,4.279
Cundinamarca,Pandi,4.973,5.146,5.334
Cundinamarca,Paratebueno,8.328,8.786,9.218
Cundinamarca,Pasca,9.105,9.341,9.626
Cundinamarca,Puerto Salgar,15.453,16.058,16.671
Cundinamarca,Pulí,3.327,3.369,3.438
Cundinamarca,Quebradanegra,4.724,4.807,4.927
Cundinamarca,Quetame,5.072,5.176,5.315
Cundinamarca,Quipile,6.291,6.380,6.536
Cundinamarca,Apulo,8.192,8.457,8.747
Cundinamarca,Ricaurte,12.881,13.652,14.367
Cundinamarca,San Antonio del Tequendama,11.870,12.340,12.829
Cundinamarca,San Bernardo,8.487,8.703,8.984
Cundinamarca,San Cayetano,4.846,4.892,4.978
Cundinamarca,San Francisco,10.755,11.316,11.844
Cundinamarca,San Juan de Rioseco,8.181,8.324,8.537
Cundinamarca,Sasaima,10.711,11.104,11.521
Cundinamarca,Sesquilé,11.423,12.052,12.645
Cundinamarca,Sibaté,33.491,35.102,36.658
Cundinamarca,Silvania,21.625,22.550,23.489
Cundinamarca,Simijaca,12.847,13.465,14.062
Cundinamarca,Soacha,660.179,709.276,753.548
Cundinamarca,Sopó,25.782,27.456,28.999
Cundinamarca,Subachoque,15.690,16.183,16.743
Cundinamarca,Suesca,17.021,17.902,18.741
Cundinamarca,Supatá,5.203,5.361,5.543
Cundinamarca,Susa,6.454,6.769,7.067
Cundinamarca,Sutatausa,5.887,6.169,6.441
Cundinamarca,Tabio,21.665,22.983,24.206
Cundinamarca,Tausa,8.067,8.354,8.654
Cundinamarca,Tena,9.567,10.065,10.531
Cundinamarca,Tenjo,21.935,23.052,24.096
Cundinamarca,Tibacuy,4.335,4.477,4.639
Cundinamarca,Tibirita,3.158,3.207,3.285
Cundinamarca,Tocaima,15.735,16.136,16.611
Cundinamarca,Tocancipá,39.996,43.020,45.714
Cundinamarca,Topaipí,4.139,4.189,4.284
Cundinamarca,Ubalá,7.717,7.696,7.789
Cundinamarca,Ubaque,6.727,6.875,7.067
Cundinamarca,Villa de San Diego de Ubaté,42.558,44.802,46.911
Cundinamarca,Une,6.945,7.144,7.371
Cundinamarca,Útica,4.246,4.324,4.434
Cundinamarca,Vergara,6.847,6.975,7.167
Cundinamarca,Vianí,4.339,4.497,4.667
Cundinamarca,Villagómez,1.758,1.783,1.826
Cundinamarca,Villapinzón,17.187,17.796,18.433
Cundinamarca,Villeta,26.873,27.986,29.128
Cundinamarca,Viotá,13.234,13.508,13.878
Cundinamarca,Yacopí,12.322,12.367,12.564
Cundinamarca,Zipacón,4.659,4.836,5.022
Cundinamarca,Zipaquirá,130.537,138.654,146.352
Chocó,Quibdó,129.237,130.042,130.825
Chocó,Acandí,13.999,14.085,14.159
Chocó,Alto Baudó,27.584,27.982,28.293
Chocó,Atrato,6.063,6.145,6.208
Chocó,Bagadó,11.011,11.149,11.262
Chocó,Bahía Solano,10.123,10.207,10.279
Chocó,Bajo Baudó,29.957,30.263,30.472
Chocó,Bojayá,12.073,12.212,12.326
Chocó,El Cantón del San Pablo,6.116,6.210,6.286
Chocó,Carmen del Darién,18.433,18.930,19.509
Chocó,Cértegui,5.635,5.705,5.760
Chocó,Condoto,12.663,12.464,12.367
Chocó,El Carmen de Atrato,8.193,8.197,8.212
Chocó,El Litoral del San Juan,21.669,22.242,22.890
Chocó,Istmina,30.742,30.739,30.806
Chocó,Juradó,6.685,6.774,6.841
Chocó,Lloró,9.786,9.850,9.913
Chocó,Medio Atrato,10.672,10.817,10.930
Chocó,Medio Baudó,15.109,15.405,15.683
Chocó,Medio San Juan,10.579,10.718,10.826
Chocó,Nóvita,9.153,9.116,9.105
Chocó,Nuquí,16.223,16.459,16.642
Chocó,Río Iró,5.467,5.537,5.592
Chocó,Río Quito,8.236,8.355,8.448
Chocó,Riosucio,53.449,54.458,55.232
Chocó,San José del Palmar,5.114,5.015,4.961
Chocó,Sipí,3.174,3.202,3.220
Chocó,Tadó,18.011,17.925,17.913
Chocó,Unguía,12.854,12.821,12.822
Chocó,Unión Panamericana,6.816,6.909,6.982
Huila,Neiva,357.392,361.049,364.408
Huila,Acevedo,24.774,25.046,25.298
Huila,Agrado,8.800,8.866,8.937
Huila,Aipe,16.163,16.361,16.546
Huila,Algeciras,22.481,22.498,22.575
Huila,Altamira,4.275,4.323,4.367
Huila,Baraya,8.338,8.282,8.269
Huila,Campoalegre,31.087,31.195,31.357
Huila,Colombia,7.285,7.136,7.064
Huila,Elías,4.211,4.257,4.300
Huila,Garzón,72.382,73.292,74.136
Huila,Gigante,24.583,24.634,24.726
Huila,Guadalupe,17.890,18.104,18.302
Huila,Hobo,7.286,7.335,7.387
Huila,Íquira,9.248,9.291,9.345
Huila,Isnos,25.186,25.463,25.719
Huila,La Argentina,12.866,13.021,13.162
Huila,La Plata,61.026,61.735,62.380
Huila,Nátaga,6.469,6.520,6.573
Huila,Oporapa,11.629,11.779,11.920
Huila,Paicol,6.583,6.655,6.722
Huila,Palermo,26.279,26.590,26.881
Huila,Palestina,11.159,11.282,11.395
Huila,Pital,13.787,13.851,13.927
Huila,Pitalito,124.359,126.682,128.630
Huila,Rivera,24.312,24.757,25.131
Huila,Saladoblanco,10.444,10.502,10.567
Huila,San Agustín,33.028,33.391,33.727
Huila,Santa María,10.405,10.422,10.462
Huila,Suaza,21.853,22.342,22.729
Huila,Tarqui,17.440,17.587,17.729
Huila,Tesalia,10.697,10.815,10.923
Huila,Tello,11.800,11.775,11.800
Huila,Teruel,8.052,8.064,8.094
Huila,Timaná,21.799,21.921,22.070
Huila,Villavieja,7.288,7.247,7.240
Huila,Yaguará,7.730,7.774,7.824
La Guajira,Riohacha,188.014,195.747,201.839
La Guajira,Albania,29.148,30.848,32.265
La Guajira,Barrancas,35.743,37.170,38.348
La Guajira,Dibulla,37.740,40.051,42.060
La Guajira,Distracción,13.016,13.706,14.248
La Guajira,El Molino,7.185,7.574,7.879
La Guajira,Fonseca,42.772,43.728,44.544
La Guajira,Hatonuevo,20.044,21.151,22.033
La Guajira,La Jagua del Pilar,3.498,3.686,3.834
La Guajira,Maicao,170.582,178.832,185.072
La Guajira,Manaure,83.072,88.881,93.431
La Guajira,San Juan del Cesar,46.953,48.387,49.584
La Guajira,Uribia,163.462,177.815,190.084
La Guajira,Urumita,10.985,11.114,11.261
La Guajira,Villanueva,28.346,28.816,29.236
Magdalena,Santa Marta,499.192,521.239,538.612
Magdalena,Algarrobo,15.511,16.194,16.785
Magdalena,Aracataca,39.857,40.726,41.492
Magdalena,Ariguaní,30.218,31.077,31.794
Magdalena,Cerro de San Antonio,9.890,9.885,9.941
Magdalena,Chivolo,21.862,22.715,23.388
Magdalena,Ciénaga,120.071,122.285,124.339
Magdalena,Concordia,10.505,10.908,11.227
Magdalena,El Banco,65.457,67.811,69.701
Magdalena,El Piñón,22.530,23.400,24.083
Magdalena,El Retén,19.697,20.455,21.052
Magdalena,Fundación,66.433,68.681,70.491
Magdalena,Guamal,26.620,27.345,27.918
Magdalena,Nueva Granada,19.663,20.485,21.166
Magdalena,Pedraza,9.196,9.225,9.290
Magdalena,Pijiño del Carmen,12.093,12.548,12.908
Magdalena,Pivijay,37.341,38.203,38.973
Magdalena,Plato,61.766,63.026,64.017
Magdalena,Puebloviejo,29.824,31.151,32.188
Magdalena,Remolino,11.445,11.702,11.929
Magdalena,Sabanas de San Ángel,15.644,16.247,16.724
Magdalena,Salamina,10.733,11.043,11.295
Magdalena,San Sebastián de Buenavista,19.523,20.171,20.696
Magdalena,San Zenón,11.681,12.104,12.439
Magdalena,Santa Ana,25.438,25.750,26.075
Magdalena,Santa Bárbara de Pinto,10.575,10.977,11.295
Magdalena,Sitionuevo,27.128,28.254,29.159
Magdalena,Tenerife,13.236,13.354,13.503
Magdalena,Zapayán,9.895,10.293,10.613
Magdalena,Zona Bananera,68.722,71.578,73.933
Meta,Villavicencio,531.275,538.824,545.302
Meta,Acacías,88.023,90.124,91.829
Meta,Barranca de Upía,6.440,6.513,6.578
Meta,Cabuyaro,6.062,6.130,6.192
Meta,Castilla La Nueva,14.300,15.186,15.906
Meta,Cubarral,6.963,7.019,7.068
Meta,Cumaral,22.831,23.014,23.195
Meta,El Calvario,1.776,1.696,1.652
Meta,El Castillo,7.977,7.619,7.408
Meta,El Dorado,3.888,3.932,3.971
Meta,Fuente de Oro,12.129,12.266,12.388
Meta,Granada,68.876,69.770,70.577
Meta,Guamal,14.119,14.298,14.462
Meta,Mapiripán,7.007,7.086,7.156
Meta,Mesetas,11.159,10.706,10.430
Meta,La Macarena,26.890,27.534,28.052
Meta,Uribe,9.284,9.388,9.482
Meta,Lejanías,11.463,11.256,11.162
Meta,Puerto Concordia,8.390,8.484,8.569
Meta,Puerto Gaitán,41.513,42.677,43.605
Meta,Puerto López,30.399,30.301,30.312
Meta,Puerto Lleras,10.423,10.359,10.354
Meta,Puerto Rico,13.061,12.918,12.874
Meta,Restrepo,18.268,18.474,18.658
Meta,San Carlos de Guaroa,12.296,12.598,12.875
Meta,San Juan de Arama,9.118,8.948,8.865
Meta,San Juanito,1.307,1.266,1.243
Meta,San Martín,26.707,26.571,26.499
Meta,Vistahermosa,17.778,17.168,16.790
Nariño,Pasto,392.930,392.748,392.589
Nariño,Albán,9.642,9.443,9.320
Nariño,Aldana,7.392,7.375,7.361
Nariño,Ancuyá,8.801,8.678,8.603
Nariño,Arboleda,8.443,8.431,8.420
Nariño,Barbacoas,55.633,56.195,56.526
Nariño,Belén,6.322,6.311,6.301
Nariño,Buesaco,23.908,23.909,23.910
Nariño,Colón,8.526,8.403,8.316
Nariño,Consacá,13.784,13.761,13.738
Nariño,Contadero,7.270,7.252,7.236
Nariño,Córdoba,15.516,15.496,15.477
Nariño,Cuaspúd,9.201,9.199,9.198
Nariño,Cumbal,36.864,36.975,37.033
Nariño,Cumbitara,5.948,5.843,5.768
Nariño,Chachagüí,15.354,15.328,15.303
Nariño,El Charco,22.505,22.528,22.550
Nariño,El Peñol,7.446,7.443,7.442
Nariño,El Rosario,12.280,12.169,12.062
Nariño,El Tablón de Gómez,14.342,14.296,14.261
Nariño,El Tambo,14.283,13.986,13.809
Nariño,Funes,7.222,7.168,7.135
Nariño,Guachucal,19.450,19.387,19.339
Nariño,Guaitarilla,11.582,11.422,11.325
Nariño,Gualmatán,7.057,7.049,7.040
Nariño,Iles,7.662,7.646,7.632
Nariño,Imués,7.657,7.530,7.446
Nariño,Ipiales,116.136,115.992,115.836
Nariño,La Cruz,18.754,18.697,18.643
Nariño,La Florida,10.104,9.985,9.911
Nariño,La Llanada,6.492,6.481,6.470
Nariño,La Tola,7.411,7.441,7.460
Nariño,La Unión,31.858,31.803,31.751
Nariño,Leiva,9.768,9.653,9.571
Nariño,Linares,10.236,10.098,10.012
Nariño,Los Andes,9.547,9.376,9.268
Nariño,Magüí,24.705,25.214,25.543
Nariño,Mallama,8.976,8.960,8.946
Nariño,Mosquera,11.984,12.283,12.582
Nariño,Nariño,4.364,4.355,4.346
Nariño,Olaya Herrera,25.358,25.282,25.210
Nariño,Ospina,7.105,7.039,6.993
Nariño,Francisco Pizarro,14.193,14.176,14.158
Nariño,Policarpa,9.897,9.827,9.779
Nariño,Potosí,10.414,10.197,10.058
Nariño,Providencia,5.572,5.562,5.553
Nariño,Puerres,8.581,8.450,8.365
Nariño,Pupiales,17.491,17.334,17.219
Nariño,Ricaurte,19.631,19.885,20.057
Nariño,Roberto Payán,12.667,12.681,12.694
Nariño,Samaniego,29.414,28.380,27.742
Nariño,Sandoná,20.773,20.184,19.770
Nariño,San Bernardo,9.202,9.186,9.171
Nariño,San Lorenzo,18.473,18.435,18.399
Nariño,San Pablo,15.389,15.034,14.793
Nariño,San Pedro de Cartago,6.843,6.831,6.820
Nariño,Santa Bárbara,13.427,13.331,13.242
Nariño,Santacruz,10.796,10.939,11.074
Nariño,Sapuyes,7.346,7.277,7.232
Nariño,Taminango,17.854,17.866,17.878
Nariño,Tangua,13.507,13.397,13.321
Nariño,San Andrés de Tumaco,253.637,255.783,257.052
Nariño,Túquerres,44.729,44.650,44.575
Nariño,Yacuanquer,10.938,10.946,10.955
Norte de Santander,San José de Cúcuta,711.715,749.197,777.106
Norte de Santander,Ábrego,31.786,33.003,33.931
Norte de Santander,Arboledas,9.605,9.860,10.056
Norte de Santander,Bochalema,8.105,8.529,8.845
Norte de Santander,Bucarasica,6.248,6.472,6.614
Norte de Santander,Cácota,2.781,2.855,2.914
Norte de Santander,Cáchira,10.995,11.096,11.198
Norte de Santander,Chinácota,17.263,18.176,18.858
Norte de Santander,Chitagá,11.564,12.042,12.394
Norte de Santander,Convención,18.463,19.131,19.647
Norte de Santander,Cucutilla,8.095,8.307,8.475
Norte de Santander,Durania,4.541,4.693,4.812
Norte de Santander,El Carmen,13.144,13.648,14.043
Norte de Santander,El Tarra,20.093,21.145,21.926
Norte de Santander,El Zulia,26.700,28.240,29.392
Norte de Santander,Gramalote,7.295,7.524,7.694
Norte de Santander,Hacarí,9.998,10.342,10.603
Norte de Santander,Herrán,6.755,7.087,7.326
Norte de Santander,Labateca,6.268,6.443,6.574
Norte de Santander,La Esperanza,11.358,11.941,12.373
Norte de Santander,La Playa,7.582,7.821,8.003
Norte de Santander,Los Patios,89.091,93.754,97.220
Norte de Santander,Lourdes,3.954,4.091,4.191
Norte de Santander,Mutiscua,4.163,4.373,4.530
Norte de Santander,Ocaña,118.273,124.603,129.308
Norte de Santander,Pamplona,50.025,52.240,53.909
Norte de Santander,Pamplonita,5.402,5.628,5.793
Norte de Santander,Puerto Santander,8.502,8.938,9.262
Norte de Santander,Ragonvalia,5.899,6.149,6.339
Norte de Santander,Salazar,10.205,10.501,10.728
Norte de Santander,San Calixto,12.011,12.127,12.174
Norte de Santander,San Cayetano,6.978,7.442,7.790
Norte de Santander,Santiago,3.361,3.537,3.667
Norte de Santander,Sardinata,25.142,26.100,26.804
Norte de Santander,Silos,6.162,6.380,6.546
Norte de Santander,Teorama,16.193,17.040,17.670
Norte de Santander,Tibú,53.586,56.510,58.721
Norte de Santander,Toledo,15.440,15.937,16.325
Norte de Santander,Villa Caro,4.996,5.172,5.303
Norte de Santander,Villa del Rosario,101.952,107.288,111.254
Quindio,Armenia,295.208,300.194,304.764
Quindio,Buenavista,3.095,3.107,3.129
Quindio,Calarcá,72.783,73.872,74.890
Quindio,Circasia,28.162,28.631,29.060
Quindio,Córdoba,5.642,5.687,5.739
Quindio,Filandia,12.066,12.154,12.259
Quindio,Génova,7.516,7.455,7.447
Quindio,La Tebaida,33.451,34.172,34.803
Quindio,Montenegro,36.751,37.127,37.518
Quindio,Pijao,5.219,5.146,5.121
Quindio,Quimbaya,30.751,30.911,31.142
Quindio,Salento,9.260,9.399,9.529
Risaralda,Pereira,467.269,472.406,477.027
Risaralda,Apía,12.406,12.276,12.221
Risaralda,Balboa,6.423,6.348,6.297
Risaralda,Belén de Umbría,24.690,24.660,24.708
Risaralda,Dosquebradas,217.178,220.771,223.782
Risaralda,Guática,12.158,12.108,12.110
Risaralda,La Celia,7.514,7.448,7.426
Risaralda,La Virginia,27.923,27.916,27.981
Risaralda,Marsella,16.940,16.782,16.716
Risaralda,Mistrató,16.950,17.110,17.257
Risaralda,Pueblo Rico,16.156,16.309,16.450
Risaralda,Quinchía,27.292,27.235,27.274
Risaralda,Santa Rosa de Cabal,77.838,78.636,79.372
Risaralda,Santuario,12.664,12.506,12.434
Santander,Bucaramanga,581.130,595.635,607.428
Santander,Aguada,1.855,1.858,1.867
Santander,Albania,4.129,4.242,4.336
Santander,Aratoca,8.229,8.368,8.487
Santander,Barbosa,31.050,31.940,32.653
Santander,Barichara,10.486,10.674,10.815
Santander,Barrancabermeja,203.537,207.494,210.729
Santander,Betulia,5.941,6.003,6.061
Santander,Bolívar,11.287,11.073,10.980
Santander,Cabrera,1.937,1.983,2.021
Santander,California,2.130,2.186,2.232
Santander,Capitanejo,5.505,5.479,5.479
Santander,Carcasí,4.292,4.263,4.259
Santander,Cepitá,2.015,2.018,2.025
Santander,Cerrito,6.729,6.838,6.933
Santander,Charalá,12.270,12.256,12.272
Santander,Charta,2.888,2.883,2.888
Santander,Chima,2.875,2.865,2.866
Santander,Chipatá,5.075,5.084,5.093
Santander,Cimitarra,32.947,33.750,34.403
Santander,Concepción,5.738,5.738,5.757
Santander,Confines,3.159,3.233,3.294
Santander,Contratación,3.679,3.683,3.699
Santander,Coromoro,5.015,5.009,5.024
Santander,Curití,12.717,13.028,13.283
Santander,El Carmen de Chucurí,20.916,21.415,21.820
Santander,El Guacamayo,2.167,2.119,2.085
Santander,El Peñón,5.279,5.405,5.507
Santander,El Playón,13.713,13.882,14.038
Santander,Encino,2.552,2.567,2.583
Santander,Enciso,3.461,3.444,3.445
Santander,Florián,5.562,5.569,5.589
Santander,Floridablanca,291.935,300.730,307.896
Santander,Galán,2.886,2.883,2.891
Santander,Gámbita,4.021,4.008,4.013
Santander,Girón,160.403,166.843,171.904
Santander,Guaca,5.916,5.900,5.909
Santander,Guadalupe,4.511,4.473,4.468
Santander,Guapotá,2.375,2.394,2.413
Santander,Guavatá,4.230,4.200,4.191
Santander,Güepsa,5.114,5.222,5.309
Santander,Hato,2.328,2.349,2.370
Santander,Jesús María,3.342,3.337,3.339
Santander,Jordán,1.314,1.325,1.336
Santander,La Belleza,6.198,6.174,6.178
Santander,Landázuri,10.384,10.482,10.588
Santander,La Paz,4.953,4.921,4.917
Santander,Lebrija,41.835,43.145,44.169
Santander,Los Santos,14.106,14.485,14.787
Santander,Macaravita,2.171,2.125,2.104
Santander,Málaga,20.945,21.339,21.672
Santander,Matanza,4.976,4.999,5.035
Santander,Mogotes,10.527,10.576,10.647
Santander,Molagavita,4.137,4.105,4.106
Santander,Ocamonte,5.661,5.740,5.810
Santander,Oiba,10.800,11.004,11.175
Santander,Onzaga,4.183,4.111,4.082
Santander,Palmar,1.361,1.386,1.407
Santander,Palmas del Socorro,2.535,2.584,2.626
Santander,Páramo,4.654,4.773,4.869
Santander,Piedecuesta,170.625,177.586,182.959
Santander,Pinchote,5.162,5.285,5.385
Santander,Puente Nacional,14.654,14.740,14.844
Santander,Puerto Parra,7.640,7.846,8.017
Santander,Puerto Wilches,32.791,33.572,34.206
Santander,Rionegro,26.438,26.746,27.062
Santander,Sabana de Torres,33.055,33.887,34.556
Santander,San Andrés,8.683,8.613,8.596
Santander,San Benito,2.950,2.957,2.972
Santander,San Gil,56.037,58.032,59.670
Santander,San Joaquín,2.241,2.215,2.208
Santander,San José de Miranda,4.367,4.313,4.289
Santander,San Miguel,2.531,2.494,2.478
Santander,San Vicente de Chucurí,33.133,33.414,33.593
Santander,Santa Bárbara,2.401,2.425,2.448
Santander,Santa Helena del Opón,3.389,3.393,3.411
Santander,Simacota,10.042,10.138,10.226
Santander,Socorro,32.158,32.965,33.628
Santander,Suaita,10.031,10.086,10.158
Santander,Sucre,7.202,7.103,7.064
Santander,Suratá,3.975,3.977,3.987
Santander,Tona,7.373,7.562,7.718
Santander,Valle de San José,6.084,6.222,6.336
Santander,Vélez,24.356,24.843,25.219
Santander,Vetas,2.114,2.142,2.168
Santander,Villanueva,7.873,7.927,7.982
Santander,Zapatoca,9.466,9.507,9.566
Sucre,Sincelejo,277.773,286.635,293.951
Sucre,Buenavista,10.441,10.727,10.964
Sucre,Caimito,15.231,15.668,16.028
Sucre,Colosó,8.623,8.670,8.732
Sucre,Corozal,67.371,69.268,70.853
Sucre,Coveñas,18.250,18.892,19.516
Sucre,Chalán,4.466,4.537,4.604
Sucre,El Roble,9.944,10.215,10.439
Sucre,Galeras,21.982,22.673,23.238
Sucre,Guaranda,17.713,18.198,18.601
Sucre,La Unión,12.349,12.701,12.994
Sucre,Los Palmitos,22.880,23.420,23.884
Sucre,Majagual,36.650,37.564,38.306
Sucre,Morroa,15.061,15.495,15.858
Sucre,Ovejas,22.871,23.148,23.436
Sucre,Palmito,14.114,14.635,15.056
Sucre,Sampués,46.455,47.746,48.819
Sucre,San Benito Abad,28.673,29.282,29.774
Sucre,San Juan de Betulia,13.535,13.892,14.191
Sucre,San Marcos,57.672,59.254,60.566
Sucre,San Onofre,49.633,50.423,51.109
Sucre,San Pedro,18.590,18.920,19.210
Sucre,San Luis de Sincé,30.773,31.365,31.903
Sucre,Sucre,29.552,30.253,30.814
Sucre,Santiago de Tolú,32.922,33.553,34.117
Sucre,Tolú Viejo,21.339,21.850,22.289
Tolima,Ibagué,529.635,536.087,541.101
Tolima,Alpujarra,4.544,4.493,4.458
Tolima,Alvarado,8.697,8.710,8.715
Tolima,Ambalema,6.657,6.596,6.561
Tolima,Anzoátegui,10.217,10.110,10.006
Tolima,Armero,12.696,12.335,12.038
Tolima,Ataco,19.330,19.195,19.117
Tolima,Cajamarca,18.471,18.443,18.442
Tolima,Carmen de Apicalá,10.117,10.306,10.448
Tolima,Casabianca,6.373,6.326,6.297
Tolima,Chaparral,50.367,50.565,50.741
Tolima,Coello,8.248,8.286,8.320
Tolima,Coyaima,22.813,22.610,22.490
Tolima,Cunday,8.745,8.518,8.372
Tolima,Dolores,8.359,8.250,8.185
Tolima,Espinal,70.494,70.769,71.015
Tolima,Falan,7.693,7.494,7.386
Tolima,Flandes,28.389,28.510,28.615
Tolima,Fresno,31.069,31.124,31.191
Tolima,Guamo,32.940,32.826,32.772
Tolima,Herveo,7.363,7.266,7.213
Tolima,Honda,24.693,24.585,24.542
Tolima,Icononzo,11.887,11.891,11.893
Tolima,Lérida,18.574,18.598,18.617
Tolima,Líbano,36.773,36.432,36.231
Tolima,San Sebastián de Mariquita,37.770,38.084,38.333
Tolima,Melgar,36.536,37.191,37.682
Tolima,Murillo,4.113,4.129,4.143
Tolima,Natagaima,14.835,14.722,14.672
Tolima,Ortega,34.607,34.453,34.320
Tolima,Palocabildo,9.730,9.773,9.814
Tolima,Piedras,6.711,6.737,6.761
Tolima,Planadas,25.764,25.785,25.799
Tolima,Prado,8.498,8.443,8.415
Tolima,Purificación,23.536,23.527,23.538
Tolima,Rioblanco,22.771,22.660,22.617
Tolima,Roncesvalles,5.459,5.467,5.479
Tolima,Rovira,21.674,21.556,21.491
Tolima,Saldaña,14.435,14.450,14.473
Tolima,San Antonio,12.896,12.691,12.570
Tolima,San Luis,13.553,13.481,13.451
Tolima,Santa Isabel,5.769,5.710,5.673
Tolima,Suárez,3.813,3.788,3.772
Tolima,Valle de San Juan,5.345,5.353,5.360
Tolima,Venadillo,12.817,12.751,12.723
Tolima,Villahermosa,9.283,9.216,9.186
Tolima,Villarrica,5.128,5.021,4.960
Valle del Cauca,Cali,2.227.642,2.241.491,2.252.616
Valle del Cauca,Alcalá,14.062,14.189,14.295
Valle del Cauca,Andalucía,22.436,22.515,22.594
Valle del Cauca,Ansermanuevo,17.448,17.348,17.316
Valle del Cauca,Argelia,5.397,5.258,5.177
Valle del Cauca,Bolívar,16.021,15.828,15.714
Valle del Cauca,Buenaventura,308.188,310.194,311.827
Valle del Cauca,Guadalajara de Buga,127.545,128.316,128.945
Valle del Cauca,Bugalagrande,24.318,24.400,24.465
Valle del Cauca,Caicedonia,28.825,28.609,28.521
Valle del Cauca,Calima,18.054,18.171,18.266
Valle del Cauca,Candelaria,91.825,93.183,94.211
Valle del Cauca,Cartago,135.729,136.596,137.302
Valle del Cauca,Dagua,48.443,48.758,49.015
Valle del Cauca,El Águila,8.909,8.696,8.562
Valle del Cauca,El Cairo,6.845,6.637,6.506
Valle del Cauca,El Cerrito,56.470,56.835,57.133
Valle del Cauca,El Dovio,8.886,8.711,8.616
Valle del Cauca,Florida,57.374,57.696,57.961
Valle del Cauca,Ginebra,22.741,22.908,23.046
Valle del Cauca,Guacarí,33.191,33.405,33.578
Valle del Cauca,Jamundí,159.877,164.159,167.147
Valle del Cauca,La Cumbre,16.316,16.422,16.509
Valle del Cauca,La Unión,33.953,34.244,34.493
Valle del Cauca,La Victoria,12.174,11.981,11.867
Valle del Cauca,Obando,12.312,12.140,12.042
Valle del Cauca,Palmira,349.294,352.016,354.285
Valle del Cauca,Pradera,47.615,47.918,48.165
Valle del Cauca,Restrepo,15.307,15.295,15.304
Valle del Cauca,Riofrío,15.554,15.483,15.463
Valle del Cauca,Roldanillo,36.797,36.767,36.786
Valle del Cauca,San Pedro,16.942,17.082,17.201
Valle del Cauca,Sevilla,42.133,41.503,41.153
Valle del Cauca,Toro,14.612,14.467,14.389
Valle del Cauca,Trujillo,19.226,19.073,18.982
Valle del Cauca,Tuluá,212.685,215.978,218.812
Valle del Cauca,Ulloa,5.465,5.412,5.381
Valle del Cauca,Versalles,7.263,7.070,6.950
Valle del Cauca,Vijes,12.734,12.817,12.884
Valle del Cauca,Yotoco,16.019,16.117,16.197
Valle del Cauca,Yumbo,107.334,108.889,110.069
Valle del Cauca,Zarzal,41.925,42.191,42.407
Arauca,Arauca,85.585,91.875,96.814
Arauca,Arauquita,49.841,53.407,56.209
Arauca,Cravo Norte,3.925,4.042,4.143
Arauca,Fortul,18.938,19.659,20.148
Arauca,Puerto Rondón,4.399,4.688,4.919
Arauca,Saravena,55.554,59.697,63.004
Arauca,Tame,43.932,46.741,48.969
Casanare,Yopal,168.433,173.610,177.688
Casanare,Aguazul,36.915,37.513,38.010
Casanare,Chámeza,2.500,2.571,2.634
Casanare,Hato Corozal,12.328,12.203,12.108
Casanare,La Salina,1.417,1.385,1.369
Casanare,Maní,17.211,17.359,17.463
Casanare,Monterrey,17.537,17.797,18.009
Casanare,Nunchía,8.826,8.738,8.713
Casanare,Orocué,12.340,12.514,12.652
Casanare,Paz de Ariporo,36.277,36.861,37.347
Casanare,Pore,11.967,12.001,12.059
Casanare,Recetor,1.634,1.718,1.796
Casanare,Sabanalarga,3.625,3.583,3.569
Casanare,Sácama,2.090,2.073,2.059
Casanare,San Luis de Palenque,8.466,8.378,8.346
Casanare,Támara,6.873,6.671,6.567
Casanare,Tauramena,23.527,24.445,25.173
Casanare,Trinidad,13.233,13.350,13.449
Casanare,Villanueva,35.305,35.793,36.184
Putumayo,Mocoa,56.398,57.716,58.938
Putumayo,Colón,5.407,5.469,5.530
Putumayo,Orito,37.745,38.244,38.744
Putumayo,Puerto Asís,64.867,66.084,67.211
Putumayo,Puerto Caicedo,16.095,16.033,16.007
Putumayo,Puerto Guzmán,35.390,36.052,36.665
Putumayo,Puerto Leguízamo,28.468,29.001,29.494
Putumayo,Sibundoy,14.940,15.217,15.473
Putumayo,San Francisco,5.645,5.585,5.567
Putumayo,San Miguel,18.780,19.119,19.434
Putumayo,Santiago,7.290,7.284,7.308
Putumayo,Valle del Guamuez,33.457,34.082,34.660
Putumayo,Villagarzón,23.700,23.873,24.096
"Archipiélago de San Andrés, Providencia y Santa Catalina",San Andrés,55.291,56.358,57.433
"Archipiélago de San Andrés, Providencia y Santa Catalina",Providencia,5.989,6.124,6.259
Amazonas,Leticia,48.144,48.918,49.737
Amazonas,El Encanto,2.100,2.077,2.077
Amazonas,La Chorrera,2.967,2.947,2.955
Amazonas,La Pedrera,3.820,3.882,3.947
Amazonas,La Victoria,644,652,662
Amazonas,Mirití - Paraná,1.850,1.860,1.879
Amazonas,Puerto Alegría,748,759,771
Amazonas,Puerto Arica,1.013,1.027,1.042
Amazonas,Puerto Nariño,9.744,9.997,10.239
Amazonas,Puerto Santander,1.758,1.765,1.772
Amazonas,Tarapacá,3.801,3.869,3.939
Guainía,Inírida,31.514,32.673,33.683
Guainía,Barranco Minas,8.088,8.042,7.983
Guainía,Mapiripana,1.022,1.048,1.071
Guainía,San Felipe,1.667,1.706,1.743
Guainía,Puerto Colombia,1.874,1.934,1.984
Guainía,La Guadalupe,279,288,296
Guainía,Cacahual,863,886,903
Guainía,Pana Pana,1.899,1.959,2.011
Guainía,Morichal,908,937,962
Guaviare,San José del Guaviare,52.815,54.333,55.820
Guaviare,Calamar,9.528,9.801,10.069
Guaviare,El Retorno,13.653,13.684,13.722
Guaviare,Miraflores,6.771,6.898,7.046
Vaupés,Mitú,29.850,31.302,32.793
Vaupés,Carurú,2.915,3.056,3.201
Vaupés,Pacoa,4.042,4.229,4.422
Vaupés,Taraira,2.215,2.318,2.423
Vaupés,Papunahua,727,749,776
Vaupés,Yavaraté,1.048,1.067,1.097
Vichada,Puerto Carreño,20.936,20.474,20.294
Vichada,La Primavera,10.122,9.799,9.608
Vichada,Santa Rosalía,4.059,4.130,4.193
Vichada,Cumaribo,72.691,76.196,78.863
Nacional,Nacional,48.258.494,49.395.678,50.372.424
